start,end,duration_s,n_samples,fault,affected_sensors,severity,severity_score,anomaly_confidence,root_cause_confidence,qc_action,urgency,notify,narrative
2026-09-01T07:45:50,2026-09-01T07:45:50,0,1,SPIKE,temperature_c,INFO,18.2,0.387,0.67,REJECT_SAMPLE,No action required.,No notification required,"At 01 Sep 2026, 07:45:50 the system diagnosed a sensor spike / noise burst affecting Temperature. A single sample jumped far beyond anything this channel does naturally and then returned. That is the signature of an electrical impulse or a loose connection, not a real change in the weather. The clearest indicator: Temperature jumped 0.90 degC in one sampling interval - 4.5x the largest movement ever seen on this channel in healthy data. Temperature carries 1% of the statistical attribution, reading 24.11 degC (1.5 sigma above its normal level). Note that the joint-distance attribution is led by Relative humidity instead, because SHAP scores the level of each channel while this fault is defined by rate of change. 0 of 3 independent detectors flagged this sample. Inspect cabling, connectors and grounding at the sensor head."
2026-09-01T07:46:45,2026-09-01T07:46:45,0,1,SPIKE,temperature_c,LOW,31.2,1.0,0.811,REJECT_SAMPLE,Log for trend analysis; no immediate field action.,No notification required,"At 01 Sep 2026, 07:46:45 the system diagnosed a sensor spike / noise burst affecting Temperature. A single sample jumped far beyond anything this channel does naturally and then returned. That is the signature of an electrical impulse or a loose connection, not a real change in the weather. The clearest indicator: Temperature jumped 19.69 degC in one sampling interval - 98.4x the largest movement ever seen on this channel in healthy data. Temperature carries 95% of the statistical attribution, reading 4.81 degC (54.9 sigma below its normal level). 3 of 3 independent detectors flagged this sample. Inspect cabling, connectors and grounding at the sensor head."
2026-09-01T07:46:50,2026-09-01T07:46:50,0,1,MULTIVARIATE_ANOMALY,temperature_c,HIGH,60.7,0.907,0.933,HOLD_FOR_REVIEW,Investigate within 24 hours; flag affected data as suspect.,Station maintenance team,"At 01 Sep 2026, 07:46:50 the system diagnosed a single-channel outlier affecting Temperature. The joint sensor reading is far outside the station's normal operating cloud, and the displacement is dominated by one channel rather than by the relationship between them. Treat this as a single-channel failure. The clearest indicator: The joint (temperature, pressure, humidity) reading sits 113.3 sigma from the station's healthy operating cloud. Temperature carries 95% of the statistical attribution, reading 4.81 degC (54.9 sigma below its normal level). 3 of 3 independent detectors flagged this sample. Verify channel wiring and the datalogger channel map."
2026-09-01T07:46:55,2026-09-01T07:47:25,30,7,DRIFT,temperature_c,HIGH,73.5,0.92,0.877,FLAG_SUSPECT,Investigate within 24 hours; flag affected data as suspect.,Station maintenance team; Calibration cell,"At 01 Sep 2026, 07:47:20 the system diagnosed a calibration drift affecting Temperature. The channel is slowly and consistently moving away from its calibrated baseline. Readings still look plausible, which is what makes drift dangerous - it quietly biases every observation until the sensor is recalibrated. The clearest indicator: Temperature has averaged 16.57 degC over the last 20 samples, 20.9 sigma away from its calibrated baseline of 23.60 degC. Temperature carries 95% of the statistical attribution, reading 4.81 degC (54.9 sigma below its normal level). 3 of 3 independent detectors flagged this sample. Schedule a calibration check against a reference instrument."
2026-09-01T07:47:30,2026-09-01T07:47:45,15,2,SPIKE,temperature_c,LOW,37.2,1.0,0.933,REJECT_SAMPLE,Log for trend analysis; no immediate field action.,No notification required,"At 01 Sep 2026, 07:47:45 the system diagnosed a sensor spike / noise burst affecting Temperature. A single sample jumped far beyond anything this channel does naturally and then returned. That is the signature of an electrical impulse or a loose connection, not a real change in the weather. The clearest indicator: Temperature jumped 19.09 degC in one sampling interval - 95.5x the largest movement ever seen on this channel in healthy data. Temperature carries 95% of the statistical attribution, reading 5.31 degC (53.5 sigma below its normal level). 3 of 3 independent detectors flagged this sample. Inspect cabling, connectors and grounding at the sensor head."
2026-09-01T07:48:35,2026-09-01T07:48:55,20,2,SPIKE,humidity_pct|temperature_c,LOW,39.2,0.992,0.812,REJECT_SAMPLE,Log for trend analysis; no immediate field action.,No notification required,"At 01 Sep 2026, 07:48:55 the system diagnosed a sensor spike / noise burst affecting Temperature. A single sample jumped far beyond anything this channel does naturally and then returned. That is the signature of an electrical impulse or a loose connection, not a real change in the weather. The clearest indicator: Temperature jumped 15.08 degC in one sampling interval - 75.4x the largest movement ever seen on this channel in healthy data. Temperature carries 94% of the statistical attribution, reading 9.32 degC (41.7 sigma below its normal level). 3 of 3 independent detectors flagged this sample. Inspect cabling, connectors and grounding at the sensor head."
2026-09-01T07:49:20,2026-09-01T07:49:20,0,1,SPIKE,temperature_c,LOW,39.2,1.0,0.847,REJECT_SAMPLE,Log for trend analysis; no immediate field action.,No notification required,"At 01 Sep 2026, 07:49:20 the system diagnosed a sensor spike / noise burst affecting Temperature. A single sample jumped far beyond anything this channel does naturally and then returned. That is the signature of an electrical impulse or a loose connection, not a real change in the weather. The clearest indicator: Temperature jumped 10.97 degC in one sampling interval - 54.8x the largest movement ever seen on this channel in healthy data. Temperature carries 91% of the statistical attribution, reading 13.43 degC (29.7 sigma below its normal level). 3 of 3 independent detectors flagged this sample. Inspect cabling, connectors and grounding at the sensor head."
2026-09-01T07:51:30,2026-09-01T07:51:40,10,3,MULTIVARIATE_ANOMALY,pressure_hpa,MODERATE,45.1,0.708,0.801,HOLD_FOR_REVIEW,Schedule inspection within the next maintenance cycle.,No notification required,"At 01 Sep 2026, 07:51:40 the system diagnosed a single-channel outlier affecting Barometric pressure. The joint sensor reading is far outside the station's normal operating cloud, and the displacement is dominated by one channel rather than by the relationship between them. Treat this as a single-channel failure. The clearest indicator: The joint (temperature, pressure, humidity) reading sits 16.7 sigma from the station's healthy operating cloud. Barometric pressure carries 68% of the statistical attribution, reading 968.94 hPa (7.3 sigma below its normal level). 2 of 3 independent detectors flagged this sample. Verify channel wiring and the datalogger channel map."
2026-09-01T07:51:45,2026-09-01T07:52:25,40,9,DRIFT,pressure_hpa,HIGH,66.2,0.861,0.831,FLAG_SUSPECT,Investigate within 24 hours; flag affected data as suspect.,Station maintenance team; Calibration cell,"At 01 Sep 2026, 07:52:25 the system diagnosed a calibration drift affecting Barometric pressure. The channel is slowly and consistently moving away from its calibrated baseline. Readings still look plausible, which is what makes drift dangerous - it quietly biases every observation until the sensor is recalibrated. The clearest indicator: Barometric pressure has averaged 969.02 hPa over the last 20 samples, 7.0 sigma away from its calibrated baseline of 971.10 hPa. Barometric pressure carries 79% of the statistical attribution, reading 967.93 hPa (10.7 sigma below its normal level). 2 of 3 independent detectors flagged this sample. Schedule a calibration check against a reference instrument."
2026-09-01T07:52:30,2026-09-01T07:53:10,40,4,SPIKE,pressure_hpa|temperature_c,LOW,28.4,1.0,0.933,REJECT_SAMPLE,Log for trend analysis; no immediate field action.,No notification required,"At 01 Sep 2026, 07:53:10 the system diagnosed a sensor spike / noise burst affecting Temperature. A single sample jumped far beyond anything this channel does naturally and then returned. That is the signature of an electrical impulse or a loose connection, not a real change in the weather. The clearest indicator: Temperature jumped 2.71 degC in one sampling interval - 13.5x the largest movement ever seen on this channel in healthy data. Temperature carries 78% of the statistical attribution, reading 26.17 degC (7.5 sigma above its normal level). 3 of 3 independent detectors flagged this sample. The next most likely explanation was calibration drift (score 0.66 against 1.00), so this diagnosis is not clear-cut. Inspect cabling, connectors and grounding at the sensor head."
2026-09-01T07:53:15,2026-09-01T07:53:15,0,1,DRIFT,pressure_hpa,HIGH,60.0,0.696,0.868,FLAG_SUSPECT,Investigate within 24 hours; flag affected data as suspect.,Station maintenance team; Calibration cell,"At 01 Sep 2026, 07:53:15 the system diagnosed a calibration drift affecting Barometric pressure. The channel is slowly and consistently moving away from its calibrated baseline. Readings still look plausible, which is what makes drift dangerous - it quietly biases every observation until the sensor is recalibrated. The clearest indicator: The movement is consistently upward (53% of the travel is net displacement, about +155.54 hPa/hour), which separates calibration drift from random fluctuation. Barometric pressure carries 13% of the statistical attribution, reading 971.40 hPa (1.0 sigma above its normal level). Note that the joint-distance attribution is led by Temperature instead, because SHAP scores the level of each channel while this fault is defined by rate of change. 2 of 3 independent detectors flagged this sample. Schedule a calibration check against a reference instrument."
2026-09-01T07:53:25,2026-09-01T07:53:50,25,3,SPIKE,temperature_c,LOW,31.2,0.913,0.933,REJECT_SAMPLE,Log for trend analysis; no immediate field action.,No notification required,"At 01 Sep 2026, 07:53:45 the system diagnosed a sensor spike / noise burst affecting Temperature. A single sample jumped far beyond anything this channel does naturally and then returned. That is the signature of an electrical impulse or a loose connection, not a real change in the weather. The clearest indicator: Temperature jumped 2.17 degC in one sampling interval - 10.9x the largest movement ever seen on this channel in healthy data. Temperature carries 33% of the statistical attribution, reading 23.20 degC (1.2 sigma below its normal level). Note that the joint-distance attribution is led by Relative humidity instead, because SHAP scores the level of each channel while this fault is defined by rate of change. 2 of 3 independent detectors flagged this sample. Inspect cabling, connectors and grounding at the sensor head."
2026-09-01T07:54:30,2026-09-01T07:54:45,15,2,SPIKE,pressure_hpa,MODERATE,44.2,1.0,0.811,REJECT_SAMPLE,Schedule inspection within the next maintenance cycle.,No notification required,"At 01 Sep 2026, 07:54:30 the system diagnosed a sensor spike / noise burst affecting Barometric pressure. A single sample jumped far beyond anything this channel does naturally and then returned. That is the signature of an electrical impulse or a loose connection, not a real change in the weather. The clearest indicator: Barometric pressure jumped 7.47 hPa in one sampling interval - 37.3x the largest movement ever seen on this channel in healthy data. Barometric pressure carries 96% of the statistical attribution, reading 978.87 hPa (26.2 sigma above its normal level). 3 of 3 independent detectors flagged this sample. Inspect cabling, connectors and grounding at the sensor head."
2026-09-01T07:57:45,2026-09-01T07:57:45,0,1,SPIKE,humidity_pct,LOW,29.7,0.956,0.833,REJECT_SAMPLE,Log for trend analysis; no immediate field action.,No notification required,"At 01 Sep 2026, 07:57:45 the system diagnosed a sensor spike / noise burst affecting Relative humidity. A single sample jumped far beyond anything this channel does naturally and then returned. That is the signature of an electrical impulse or a loose connection, not a real change in the weather. The clearest indicator: Relative humidity jumped 17.58 %RH in one sampling interval - 87.9x the largest movement ever seen on this channel in healthy data. Relative humidity carries 66% of the statistical attribution, reading 105.08 %RH (4.8 sigma above its normal level). 2 of 3 independent detectors flagged this sample. Inspect cabling, connectors and grounding at the sensor head."
2026-09-01T07:58:30,2026-09-01T07:58:30,0,1,SPIKE,temperature_c,LOW,31.2,1.0,0.642,REJECT_SAMPLE,Log for trend analysis; no immediate field action.,No notification required,"At 01 Sep 2026, 07:58:30 the system diagnosed a sensor spike / noise burst affecting Temperature. A single sample jumped far beyond anything this channel does naturally and then returned. That is the signature of an electrical impulse or a loose connection, not a real change in the weather. The clearest indicator: Temperature jumped 14.55 degC in one sampling interval - 72.7x the largest movement ever seen on this channel in healthy data. Temperature carries 97% of the statistical attribution, reading 39.35 degC (46.0 sigma above its normal level). 3 of 3 independent detectors flagged this sample. The next most likely explanation was calibration drift (score 0.69 against 0.84), so this diagnosis is not clear-cut. Inspect cabling, connectors and grounding at the sensor head."
2026-09-01T07:58:55,2026-09-01T07:58:55,0,1,SPIKE,humidity_pct,LOW,29.7,0.874,0.81,REJECT_SAMPLE,Log for trend analysis; no immediate field action.,No notification required,"At 01 Sep 2026, 07:58:55 the system diagnosed a sensor spike / noise burst affecting Relative humidity. A single sample jumped far beyond anything this channel does naturally and then returned. That is the signature of an electrical impulse or a loose connection, not a real change in the weather. The clearest indicator: Relative humidity jumped 16.88 %RH in one sampling interval - 84.4x the largest movement ever seen on this channel in healthy data. Relative humidity carries 65% of the statistical attribution, reading 104.68 %RH (4.6 sigma above its normal level). 2 of 3 independent detectors flagged this sample. Inspect cabling, connectors and grounding at the sensor head."
2026-09-01T07:59:20,2026-09-01T07:59:20,0,1,SPIKE,pressure_hpa,LOW,33.1,1.0,0.86,REJECT_SAMPLE,Log for trend analysis; no immediate field action.,No notification required,"At 01 Sep 2026, 07:59:20 the system diagnosed a sensor spike / noise burst affecting Barometric pressure. A single sample jumped far beyond anything this channel does naturally and then returned. That is the signature of an electrical impulse or a loose connection, not a real change in the weather. The clearest indicator: Barometric pressure jumped 3.72 hPa in one sampling interval - 18.6x the largest movement ever seen on this channel in healthy data. Barometric pressure carries 91% of the statistical attribution, reading 975.22 hPa (13.9 sigma above its normal level). 3 of 3 independent detectors flagged this sample. Inspect cabling, connectors and grounding at the sensor head."
2026-09-01T08:00:05,2026-09-01T08:00:05,0,1,DRIFT,temperature_c,MODERATE,47.5,0.423,0.793,FLAG_SUSPECT,Schedule inspection within the next maintenance cycle.,Calibration cell,"At 01 Sep 2026, 08:00:05 the system diagnosed a calibration drift affecting Temperature. The channel is slowly and consistently moving away from its calibrated baseline. Readings still look plausible, which is what makes drift dangerous - it quietly biases every observation until the sensor is recalibrated. The clearest indicator: Temperature has averaged 25.16 degC over the last 20 samples, 4.6 sigma away from its calibrated baseline of 23.60 degC. Temperature carries 25% of the statistical attribution, reading 24.80 degC (3.5 sigma above its normal level). Note that the joint-distance attribution is led by Relative humidity instead, because SHAP scores the level of each channel while this fault is defined by rate of change. 0 of 3 independent detectors flagged this sample. Schedule a calibration check against a reference instrument."
2026-09-01T08:00:30,2026-09-01T08:00:30,0,1,DRIFT,humidity_pct,MODERATE,44.1,0.497,0.769,FLAG_SUSPECT,Schedule inspection within the next maintenance cycle.,Calibration cell,"At 01 Sep 2026, 08:00:30 the system diagnosed a calibration drift affecting Relative humidity. The channel is slowly and consistently moving away from its calibrated baseline. Readings still look plausible, which is what makes drift dangerous - it quietly biases every observation until the sensor is recalibrated. The clearest indicator: The movement is consistently downward (51% of the travel is net displacement, about -105.71 %RH/hour), which separates calibration drift from random fluctuation. Relative humidity carries 68% of the statistical attribution, reading 87.40 %RH (4.1 sigma below its normal level). 1 of 3 independent detectors flagged this sample. Schedule a calibration check against a reference instrument."
2026-09-01T08:00:35,2026-09-01T08:00:35,0,1,COMMUNICATION_FAILURE,humidity_pct|pressure_hpa|temperature_c,HIGH,66.7,0.429,0.642,MARK_MISSING,Investigate within 24 hours; flag affected data as suspect.,Station maintenance team; Network operations,"At 01 Sep 2026, 08:00:35 the system diagnosed a communication / telemetry failure affecting Relative humidity, Barometric pressure, Temperature. The problem is in the telemetry path rather than the sensors. Samples are missing, malformed, or repeated, so the record for this period is incomplete. The clearest indicator: All three channels have been byte-identical for 12 consecutive frames - typical of a link repeating the last good packet. Relative humidity carries 68% of the statistical attribution, reading 87.40 %RH (4.1 sigma below its normal level). 1 of 3 independent detectors flagged this sample. Check the datalogger, modem and power supply at the station."
2026-09-01T08:00:40,2026-09-01T08:01:30,50,11,FROZEN_SENSOR,humidity_pct,MODERATE,49.8,0.746,0.933,REJECT_CHANNEL,Schedule inspection within the next maintenance cycle.,No notification required,"At 01 Sep 2026, 08:01:30 the system diagnosed a frozen (stuck) sensor affecting Relative humidity. The channel has stopped responding and is repeating one value while the other channels continue to vary. This usually means an iced-over, blocked or electrically dead sensing element. The clearest indicator: Relative humidity has reported exactly 87.40 %RH for 23 consecutive samples (2 min). Only 0.0% of healthy runs on this channel last that long. Relative humidity carries 59% of the statistical attribution, reading 87.40 %RH (4.1 sigma below its normal level). 2 of 3 independent detectors flagged this sample. Physically inspect the sensing element for icing, blockage or failure."
2026-09-01T08:03:35,2026-09-01T08:04:25,50,5,SPIKE,temperature_c,LOW,26.4,0.9,0.794,REJECT_SAMPLE,Log for trend analysis; no immediate field action.,No notification required,"At 01 Sep 2026, 08:04:25 the system diagnosed a sensor spike / noise burst affecting Temperature. A single sample jumped far beyond anything this channel does naturally and then returned. That is the signature of an electrical impulse or a loose connection, not a real change in the weather. The clearest indicator: Temperature jumped 0.96 degC in one sampling interval - 4.8x the largest movement ever seen on this channel in healthy data. Temperature carries 44% of the statistical attribution, reading 25.00 degC (4.1 sigma above its normal level). Note that the joint-distance attribution is led by Relative humidity instead, because SHAP scores the level of each channel while this fault is defined by rate of change. 2 of 3 independent detectors flagged this sample. Inspect cabling, connectors and grounding at the sensor head."
2026-09-01T08:04:50,2026-09-01T08:04:50,0,1,SPIKE,humidity_pct,LOW,39.7,1.0,0.811,REJECT_SAMPLE,Log for trend analysis; no immediate field action.,No notification required,"At 01 Sep 2026, 08:04:50 the system diagnosed a sensor spike / noise burst affecting Relative humidity. A single sample jumped far beyond anything this channel does naturally and then returned. That is the signature of an electrical impulse or a loose connection, not a real change in the weather. The clearest indicator: Relative humidity jumped 27.90 %RH in one sampling interval - 139.5x the largest movement ever seen on this channel in healthy data. Relative humidity carries 76% of the statistical attribution, reading 115.00 %RH (9.8 sigma above its normal level). 3 of 3 independent detectors flagged this sample. Inspect cabling, connectors and grounding at the sensor head."
2026-09-01T08:05:35,2026-09-01T08:05:50,15,2,SPIKE,pressure_hpa|temperature_c,MODERATE,42.8,1.0,0.783,REJECT_SAMPLE,Schedule inspection within the next maintenance cycle.,No notification required,"At 01 Sep 2026, 08:05:50 the system diagnosed a sensor spike / noise burst affecting Barometric pressure. A single sample jumped far beyond anything this channel does naturally and then returned. That is the signature of an electrical impulse or a loose connection, not a real change in the weather. The clearest indicator: Barometric pressure jumped 5.97 hPa in one sampling interval - 29.8x the largest movement ever seen on this channel in healthy data. Barometric pressure carries 91% of the statistical attribution, reading 977.47 hPa (21.5 sigma above its normal level). 3 of 3 independent detectors flagged this sample. Inspect cabling, connectors and grounding at the sensor head."
2026-09-01T08:06:35,2026-09-01T08:06:35,0,1,SPIKE,temperature_c,MODERATE,41.2,1.0,0.783,REJECT_SAMPLE,Schedule inspection within the next maintenance cycle.,No notification required,"At 01 Sep 2026, 08:06:35 the system diagnosed a sensor spike / noise burst affecting Temperature. A single sample jumped far beyond anything this channel does naturally and then returned. That is the signature of an electrical impulse or a loose connection, not a real change in the weather. The clearest indicator: Temperature jumped 20.70 degC in one sampling interval - 103.5x the largest movement ever seen on this channel in healthy data. Temperature carries 94% of the statistical attribution, reading 4.40 degC (56.1 sigma below its normal level). 3 of 3 independent detectors flagged this sample. Inspect cabling, connectors and grounding at the sensor head."
2026-09-01T08:07:05,2026-09-01T08:07:05,0,1,SPIKE,temperature_c,LOW,39.2,1.0,0.783,REJECT_SAMPLE,Log for trend analysis; no immediate field action.,No notification required,"At 01 Sep 2026, 08:07:05 the system diagnosed a sensor spike / noise burst affecting Temperature. A single sample jumped far beyond anything this channel does naturally and then returned. That is the signature of an electrical impulse or a loose connection, not a real change in the weather. The clearest indicator: Temperature jumped 15.72 degC in one sampling interval - 78.6x the largest movement ever seen on this channel in healthy data. Temperature carries 97% of the statistical attribution, reading 40.82 degC (50.3 sigma above its normal level). 3 of 3 independent detectors flagged this sample. Inspect cabling, connectors and grounding at the sensor head."
2026-09-01T08:07:30,2026-09-01T08:07:30,0,1,SPIKE,temperature_c,LOW,39.2,1.0,0.815,REJECT_SAMPLE,Log for trend analysis; no immediate field action.,No notification required,"At 01 Sep 2026, 08:07:30 the system diagnosed a sensor spike / noise burst affecting Temperature. A single sample jumped far beyond anything this channel does naturally and then returned. That is the signature of an electrical impulse or a loose connection, not a real change in the weather. The clearest indicator: Temperature jumped 14.91 degC in one sampling interval - 74.5x the largest movement ever seen on this channel in healthy data. Temperature carries 91% of the statistical attribution, reading 10.19 degC (39.2 sigma below its normal level). 3 of 3 independent detectors flagged this sample. Inspect cabling, connectors and grounding at the sensor head."
2026-09-01T08:07:35,2026-09-01T08:08:10,35,8,MULTIVARIATE_ANOMALY,temperature_c,HIGH,67.4,0.926,0.933,HOLD_FOR_REVIEW,Investigate within 24 hours; flag affected data as suspect.,Station maintenance team,"At 01 Sep 2026, 08:08:10 the system diagnosed a single-channel outlier affecting Temperature. The joint sensor reading is far outside the station's normal operating cloud, and the displacement is dominated by one channel rather than by the relationship between them. Treat this as a single-channel failure. The clearest indicator: The joint (temperature, pressure, humidity) reading sits 84.7 sigma from the station's healthy operating cloud. Temperature carries 91% of the statistical attribution, reading 10.09 degC (39.5 sigma below its normal level). 3 of 3 independent detectors flagged this sample. Verify channel wiring and the datalogger channel map."
2026-09-01T08:08:15,2026-09-01T08:08:35,20,2,SPIKE,pressure_hpa|temperature_c,MODERATE,42.2,1.0,0.933,REJECT_SAMPLE,Schedule inspection within the next maintenance cycle.,No notification required,"At 01 Sep 2026, 08:08:35 the system diagnosed a sensor spike / noise burst affecting Barometric pressure. A single sample jumped far beyond anything this channel does naturally and then returned. That is the signature of an electrical impulse or a loose connection, not a real change in the weather. The clearest indicator: Barometric pressure jumped 7.78 hPa in one sampling interval - 38.9x the largest movement ever seen on this channel in healthy data. Barometric pressure carries 94% of the statistical attribution, reading 979.28 hPa (27.6 sigma above its normal level). 3 of 3 independent detectors flagged this sample. Inspect cabling, connectors and grounding at the sensor head."
2026-09-01T08:09:05,2026-09-01T08:09:30,25,6,DRIFT,temperature_c,HIGH,63.5,0.768,1.0,FLAG_SUSPECT,Investigate within 24 hours; flag affected data as suspect.,Station maintenance team; Calibration cell,"At 01 Sep 2026, 08:09:05 the system diagnosed a calibration drift affecting Temperature. The channel is slowly and consistently moving away from its calibrated baseline. Readings still look plausible, which is what makes drift dangerous - it quietly biases every observation until the sensor is recalibrated. The clearest indicator: Temperature has averaged 18.32 degC over the last 20 samples, 15.7 sigma away from its calibrated baseline of 23.60 degC. Temperature carries 37% of the statistical attribution, reading 25.00 degC (4.1 sigma above its normal level). Note that the joint-distance attribution is led by Relative humidity instead, because SHAP scores the level of each channel while this fault is defined by rate of change. 2 of 3 independent detectors flagged this sample. Schedule a calibration check against a reference instrument."
2026-09-01T08:09:50,2026-09-01T08:10:05,15,2,SPIKE,pressure_hpa,LOW,28.1,0.976,0.867,REJECT_SAMPLE,Log for trend analysis; no immediate field action.,No notification required,"At 01 Sep 2026, 08:09:50 the system diagnosed a sensor spike / noise burst affecting Barometric pressure. A single sample jumped far beyond anything this channel does naturally and then returned. That is the signature of an electrical impulse or a loose connection, not a real change in the weather. The clearest indicator: Barometric pressure jumped 1.75 hPa in one sampling interval - 8.8x the largest movement ever seen on this channel in healthy data. Barometric pressure carries 72% of the statistical attribution, reading 972.46 hPa (4.6 sigma above its normal level). 2 of 3 independent detectors flagged this sample. Inspect cabling, connectors and grounding at the sensor head."
2026-09-01T08:14:25,2026-09-01T08:14:25,0,1,COMMUNICATION_FAILURE,,HIGH,78.0,0.719,0.867,MARK_MISSING,Investigate within 24 hours; flag affected data as suspect.,Station maintenance team; Network operations,"At 01 Sep 2026, 08:14:25 the system diagnosed a communication / telemetry failure at this station. The problem is in the telemetry path rather than the sensors. Samples are missing, malformed, or repeated, so the record for this period is incomplete. The clearest indicator: Data gap of 215 s against a nominal 5 s interval - approximately 42 sample(s) never reached the server. 1 of 3 independent detectors flagged this sample. Check the datalogger, modem and power supply at the station."
2026-09-01T08:14:45,2026-09-01T08:15:05,20,2,SPIKE,humidity_pct|pressure_hpa,MODERATE,40.2,1.0,0.811,REJECT_SAMPLE,Schedule inspection within the next maintenance cycle.,No notification required,"At 01 Sep 2026, 08:15:05 the system diagnosed a sensor spike / noise burst affecting Barometric pressure. A single sample jumped far beyond anything this channel does naturally and then returned. That is the signature of an electrical impulse or a loose connection, not a real change in the weather. The clearest indicator: Barometric pressure jumped 7.90 hPa in one sampling interval - 39.5x the largest movement ever seen on this channel in healthy data. Barometric pressure carries 87% of the statistical attribution, reading 963.60 hPa (25.3 sigma below its normal level). 3 of 3 independent detectors flagged this sample. Inspect cabling, connectors and grounding at the sensor head."
2026-09-01T08:15:30,2026-09-01T08:15:30,0,1,SPIKE,humidity_pct,LOW,37.7,1.0,0.87,REJECT_SAMPLE,Log for trend analysis; no immediate field action.,No notification required,"At 01 Sep 2026, 08:15:30 the system diagnosed a sensor spike / noise burst affecting Relative humidity. A single sample jumped far beyond anything this channel does naturally and then returned. That is the signature of an electrical impulse or a loose connection, not a real change in the weather. The clearest indicator: Relative humidity jumped 18.89 %RH in one sampling interval - 94.4x the largest movement ever seen on this channel in healthy data. Relative humidity carries 97% of the statistical attribution, reading 68.11 %RH (13.8 sigma below its normal level). 3 of 3 independent detectors flagged this sample. Inspect cabling, connectors and grounding at the sensor head."
2026-09-01T08:16:10,2026-09-01T08:16:10,0,1,SPIKE,pressure_hpa,LOW,35.3,1.0,0.783,REJECT_SAMPLE,Log for trend analysis; no immediate field action.,No notification required,"At 01 Sep 2026, 08:16:10 the system diagnosed a sensor spike / noise burst affecting Barometric pressure. A single sample jumped far beyond anything this channel does naturally and then returned. That is the signature of an electrical impulse or a loose connection, not a real change in the weather. The clearest indicator: Barometric pressure jumped 4.58 hPa in one sampling interval - 22.9x the largest movement ever seen on this channel in healthy data. Barometric pressure carries 88% of the statistical attribution, reading 976.08 hPa (16.8 sigma above its normal level). 3 of 3 independent detectors flagged this sample. Inspect cabling, connectors and grounding at the sensor head."
2026-09-01T08:18:00,2026-09-01T08:18:00,0,1,SPIKE,humidity_pct,LOW,29.7,0.96,0.835,REJECT_SAMPLE,Log for trend analysis; no immediate field action.,No notification required,"At 01 Sep 2026, 08:18:00 the system diagnosed a sensor spike / noise burst affecting Relative humidity. A single sample jumped far beyond anything this channel does naturally and then returned. That is the signature of an electrical impulse or a loose connection, not a real change in the weather. The clearest indicator: Relative humidity jumped 16.48 %RH in one sampling interval - 82.4x the largest movement ever seen on this channel in healthy data. Relative humidity carries 52% of the statistical attribution, reading 102.48 %RH (3.5 sigma above its normal level). 2 of 3 independent detectors flagged this sample. Inspect cabling, connectors and grounding at the sensor head."
2026-09-01T08:19:30,2026-09-01T08:19:30,0,1,COMMUNICATION_FAILURE,humidity_pct|pressure_hpa|temperature_c,HIGH,66.7,0.532,0.642,MARK_MISSING,Investigate within 24 hours; flag affected data as suspect.,Station maintenance team; Network operations,"At 01 Sep 2026, 08:19:30 the system diagnosed a communication / telemetry failure affecting Relative humidity, Barometric pressure, Temperature. The problem is in the telemetry path rather than the sensors. Samples are missing, malformed, or repeated, so the record for this period is incomplete. The clearest indicator: All three channels have been byte-identical for 12 consecutive frames - typical of a link repeating the last good packet. Relative humidity carries 53% of the statistical attribution, reading 86.00 %RH (4.8 sigma below its normal level). 2 of 3 independent detectors flagged this sample. Check the datalogger, modem and power supply at the station."
2026-09-01T08:19:35,2026-09-01T08:19:50,15,4,FROZEN_SENSOR,humidity_pct,MODERATE,45.6,0.78,0.737,REJECT_CHANNEL,Schedule inspection within the next maintenance cycle.,No notification required,"At 01 Sep 2026, 08:19:50 the system diagnosed a frozen (stuck) sensor affecting Relative humidity. The channel has stopped responding and is repeating one value while the other channels continue to vary. This usually means an iced-over, blocked or electrically dead sensing element. The clearest indicator: Relative humidity has reported exactly 86.00 %RH for 16 consecutive samples (1 min). Only 0.6% of healthy runs on this channel last that long. Relative humidity carries 53% of the statistical attribution, reading 86.00 %RH (4.8 sigma below its normal level). 2 of 3 independent detectors flagged this sample. The next most likely explanation was communication / telemetry failure (score 0.67 against 1.00), so this diagnosis is not clear-cut. Physically inspect the sensing element for icing, blockage or failure."
2026-09-01T08:21:15,2026-09-01T08:21:15,0,1,SPIKE,temperature_c,LOW,31.2,1.0,0.811,REJECT_SAMPLE,Log for trend analysis; no immediate field action.,No notification required,"At 01 Sep 2026, 08:21:15 the system diagnosed a sensor spike / noise burst affecting Temperature. A single sample jumped far beyond anything this channel does naturally and then returned. That is the signature of an electrical impulse or a loose connection, not a real change in the weather. The clearest indicator: Temperature jumped 23.77 degC in one sampling interval - 118.8x the largest movement ever seen on this channel in healthy data. Temperature carries 94% of the statistical attribution, reading 1.53 degC (64.5 sigma below its normal level). 3 of 3 independent detectors flagged this sample. Inspect cabling, connectors and grounding at the sensor head."
2026-09-01T08:21:55,2026-09-01T08:22:00,5,2,SPIKE,humidity_pct,LOW,29.7,1.0,0.928,REJECT_SAMPLE,Log for trend analysis; no immediate field action.,No notification required,"At 01 Sep 2026, 08:21:55 the system diagnosed a sensor spike / noise burst affecting Relative humidity. A single sample jumped far beyond anything this channel does naturally and then returned. That is the signature of an electrical impulse or a loose connection, not a real change in the weather. The clearest indicator: Relative humidity jumped 7.05 %RH in one sampling interval - 35.2x the largest movement ever seen on this channel in healthy data. Relative humidity carries 86% of the statistical attribution, reading 79.95 %RH (7.8 sigma below its normal level). 3 of 3 independent detectors flagged this sample. Inspect cabling, connectors and grounding at the sensor head."
2026-09-01T08:22:05,2026-09-01T08:22:05,0,1,DRIFT,humidity_pct,MODERATE,46.3,0.921,0.621,FLAG_SUSPECT,Schedule inspection within the next maintenance cycle.,Calibration cell,"At 01 Sep 2026, 08:22:05 the system diagnosed a calibration drift affecting Relative humidity. The channel is slowly and consistently moving away from its calibrated baseline. Readings still look plausible, which is what makes drift dangerous - it quietly biases every observation until the sensor is recalibrated. The clearest indicator: The movement is consistently downward (66% of the travel is net displacement, about -185.52 %RH/hour), which separates calibration drift from random fluctuation. Relative humidity carries 89% of the statistical attribution, reading 78.15 %RH (8.7 sigma below its normal level). 3 of 3 independent detectors flagged this sample. The next most likely explanation was sensor spike / noise burst (score 0.79 against 0.87), so this diagnosis is not clear-cut. Schedule a calibration check against a reference instrument."
2026-09-01T08:22:10,2026-09-01T08:22:40,30,6,SPIKE,humidity_pct,LOW,39.7,1.0,1.0,REJECT_SAMPLE,Log for trend analysis; no immediate field action.,No notification required,"At 01 Sep 2026, 08:22:25 the system diagnosed a sensor spike / noise burst affecting Relative humidity. A single sample jumped far beyond anything this channel does naturally and then returned. That is the signature of an electrical impulse or a loose connection, not a real change in the weather. The clearest indicator: Relative humidity jumped 7.09 %RH in one sampling interval - 35.4x the largest movement ever seen on this channel in healthy data. Relative humidity carries 18% of the statistical attribution, reading 86.72 %RH (4.4 sigma below its normal level). Note that the joint-distance attribution is led by Temperature instead, because SHAP scores the level of each channel while this fault is defined by rate of change. 2 of 3 independent detectors flagged this sample. Inspect cabling, connectors and grounding at the sensor head."
2026-09-01T08:22:50,2026-09-01T08:22:50,0,1,DRIFT,temperature_c,MODERATE,45.6,0.562,0.759,FLAG_SUSPECT,Schedule inspection within the next maintenance cycle.,Calibration cell,"At 01 Sep 2026, 08:22:50 the system diagnosed a calibration drift affecting Temperature. The channel is slowly and consistently moving away from its calibrated baseline. Readings still look plausible, which is what makes drift dangerous - it quietly biases every observation until the sensor is recalibrated. The clearest indicator: The movement is consistently upward (50% of the travel is net displacement, about +131.71 degC/hour), which separates calibration drift from random fluctuation. Temperature carries 61% of the statistical attribution, reading 25.50 degC (5.6 sigma above its normal level). 1 of 3 independent detectors flagged this sample. Schedule a calibration check against a reference instrument."
2026-09-01T08:23:05,2026-09-01T08:23:05,0,1,SPIKE,temperature_c,MODERATE,41.2,1.0,0.7,REJECT_SAMPLE,Schedule inspection within the next maintenance cycle.,No notification required,"At 01 Sep 2026, 08:23:05 the system diagnosed a sensor spike / noise burst affecting Temperature. A single sample jumped far beyond anything this channel does naturally and then returned. That is the signature of an electrical impulse or a loose connection, not a real change in the weather. The clearest indicator: Temperature jumped 18.78 degC in one sampling interval - 93.9x the largest movement ever seen on this channel in healthy data. Temperature carries 98% of the statistical attribution, reading 44.28 degC (60.4 sigma above its normal level). 3 of 3 independent detectors flagged this sample. The next most likely explanation was calibration drift (score 0.86 against 1.00), so this diagnosis is not clear-cut. Inspect cabling, connectors and grounding at the sensor head."
2026-09-01T08:23:35,2026-09-01T08:23:35,0,1,SPIKE,temperature_c,MODERATE,41.2,1.0,0.783,REJECT_SAMPLE,Schedule inspection within the next maintenance cycle.,No notification required,"At 01 Sep 2026, 08:23:35 the system diagnosed a sensor spike / noise burst affecting Temperature. A single sample jumped far beyond anything this channel does naturally and then returned. That is the signature of an electrical impulse or a loose connection, not a real change in the weather. The clearest indicator: Temperature jumped 15.01 degC in one sampling interval - 75.1x the largest movement ever seen on this channel in healthy data. Temperature carries 89% of the statistical attribution, reading 10.49 degC (38.3 sigma below its normal level). 3 of 3 independent detectors flagged this sample. Inspect cabling, connectors and grounding at the sensor head."
2026-09-01T08:24:15,2026-09-01T08:24:15,0,1,SPIKE,humidity_pct,LOW,39.7,1.0,0.783,REJECT_SAMPLE,Log for trend analysis; no immediate field action.,No notification required,"At 01 Sep 2026, 08:24:15 the system diagnosed a sensor spike / noise burst affecting Relative humidity. A single sample jumped far beyond anything this channel does naturally and then returned. That is the signature of an electrical impulse or a loose connection, not a real change in the weather. The clearest indicator: Relative humidity jumped 25.53 %RH in one sampling interval - 127.7x the largest movement ever seen on this channel in healthy data. Relative humidity carries 66% of the statistical attribution, reading 111.43 %RH (8.0 sigma above its normal level). 3 of 3 independent detectors flagged this sample. Inspect cabling, connectors and grounding at the sensor head."
2026-09-01T08:25:50,2026-09-01T08:25:50,0,1,DRIFT,humidity_pct,MODERATE,46.1,0.626,0.81,FLAG_SUSPECT,Schedule inspection within the next maintenance cycle.,Calibration cell,"At 01 Sep 2026, 08:25:50 the system diagnosed a calibration drift affecting Relative humidity. The channel is slowly and consistently moving away from its calibrated baseline. Readings still look plausible, which is what makes drift dangerous - it quietly biases every observation until the sensor is recalibrated. The clearest indicator: Relative humidity has averaged 85.59 %RH over the last 20 samples, 5.1 sigma away from its calibrated baseline of 95.50 %RH. Relative humidity carries 56% of the statistical attribution, reading 84.80 %RH (5.4 sigma below its normal level). 1 of 3 independent detectors flagged this sample. Schedule a calibration check against a reference instrument."
2026-09-01T08:25:55,2026-09-01T08:26:25,30,7,FROZEN_SENSOR,humidity_pct,MODERATE,49.7,0.763,0.866,REJECT_CHANNEL,Schedule inspection within the next maintenance cycle.,No notification required,"At 01 Sep 2026, 08:26:25 the system diagnosed a frozen (stuck) sensor affecting Relative humidity. The channel has stopped responding and is repeating one value while the other channels continue to vary. This usually means an iced-over, blocked or electrically dead sensing element. The clearest indicator: Relative humidity has reported exactly 84.80 %RH for 19 consecutive samples (2 min). Only 0.2% of healthy runs on this channel last that long. Relative humidity carries 58% of the statistical attribution, reading 84.80 %RH (5.4 sigma below its normal level). 1 of 3 independent detectors flagged this sample. Physically inspect the sensing element for icing, blockage or failure."
2026-09-01T08:26:40,2026-09-01T08:26:40,0,1,SPIKE,pressure_hpa,LOW,34.2,1.0,0.811,REJECT_SAMPLE,Log for trend analysis; no immediate field action.,No notification required,"At 01 Sep 2026, 08:26:40 the system diagnosed a sensor spike / noise burst affecting Barometric pressure. A single sample jumped far beyond anything this channel does naturally and then returned. That is the signature of an electrical impulse or a loose connection, not a real change in the weather. The clearest indicator: Barometric pressure jumped 7.29 hPa in one sampling interval - 36.4x the largest movement ever seen on this channel in healthy data. Barometric pressure carries 90% of the statistical attribution, reading 978.69 hPa (25.6 sigma above its normal level). 3 of 3 independent detectors flagged this sample. Inspect cabling, connectors and grounding at the sensor head."
2026-09-01T08:27:05,2026-09-01T08:27:05,0,1,SPIKE,temperature_c,LOW,31.2,1.0,0.783,REJECT_SAMPLE,Log for trend analysis; no immediate field action.,No notification required,"At 01 Sep 2026, 08:27:05 the system diagnosed a sensor spike / noise burst affecting Temperature. A single sample jumped far beyond anything this channel does naturally and then returned. That is the signature of an electrical impulse or a loose connection, not a real change in the weather. The clearest indicator: Temperature jumped 21.67 degC in one sampling interval - 108.4x the largest movement ever seen on this channel in healthy data. Temperature carries 93% of the statistical attribution, reading 3.83 degC (57.8 sigma below its normal level). 3 of 3 independent detectors flagged this sample. Inspect cabling, connectors and grounding at the sensor head."
2026-09-01T08:27:55,2026-09-01T08:27:55,0,1,SPIKE,humidity_pct,LOW,29.7,1.0,0.783,REJECT_SAMPLE,Log for trend analysis; no immediate field action.,No notification required,"At 01 Sep 2026, 08:27:55 the system diagnosed a sensor spike / noise burst affecting Relative humidity. A single sample jumped far beyond anything this channel does naturally and then returned. That is the signature of an electrical impulse or a loose connection, not a real change in the weather. The clearest indicator: Relative humidity jumped 31.64 %RH in one sampling interval - 158.2x the largest movement ever seen on this channel in healthy data. Relative humidity carries 98% of the statistical attribution, reading 54.46 %RH (20.7 sigma below its normal level). 3 of 3 independent detectors flagged this sample. Inspect cabling, connectors and grounding at the sensor head."
2026-09-01T08:28:00,2026-09-01T08:28:45,45,10,DRIFT,humidity_pct|temperature_c,HIGH,79.0,0.963,0.877,FLAG_SUSPECT,Investigate within 24 hours; flag affected data as suspect.,Station maintenance team; Calibration cell,"At 01 Sep 2026, 08:28:40 the system diagnosed a calibration drift affecting Relative humidity, Temperature. The channel is slowly and consistently moving away from its calibrated baseline. Readings still look plausible, which is what makes drift dangerous - it quietly biases every observation until the sensor is recalibrated. The clearest indicator: Relative humidity has averaged 70.25 %RH over the last 20 samples, 12.9 sigma away from its calibrated baseline of 95.50 %RH. Relative humidity carries 97% of the statistical attribution, reading 54.36 %RH (20.7 sigma below its normal level). 3 of 3 independent detectors flagged this sample. Schedule a calibration check against a reference instrument."
2026-09-01T08:28:50,2026-09-01T08:29:05,15,2,SPIKE,humidity_pct|pressure_hpa,MODERATE,40.5,1.0,0.933,REJECT_SAMPLE,Schedule inspection within the next maintenance cycle.,No notification required,"At 01 Sep 2026, 08:29:05 the system diagnosed a sensor spike / noise burst affecting Barometric pressure. A single sample jumped far beyond anything this channel does naturally and then returned. That is the signature of an electrical impulse or a loose connection, not a real change in the weather. The clearest indicator: Barometric pressure jumped 5.86 hPa in one sampling interval - 29.3x the largest movement ever seen on this channel in healthy data. Barometric pressure carries 80% of the statistical attribution, reading 965.54 hPa (18.8 sigma below its normal level). 3 of 3 independent detectors flagged this sample. Inspect cabling, connectors and grounding at the sensor head."
2026-09-01T08:29:30,2026-09-01T08:29:40,10,3,DRIFT,humidity_pct,HIGH,70.7,1.0,1.0,FLAG_SUSPECT,Investigate within 24 hours; flag affected data as suspect.,Station maintenance team; Calibration cell,"At 01 Sep 2026, 08:29:30 the system diagnosed a calibration drift affecting Relative humidity. The channel is slowly and consistently moving away from its calibrated baseline. Readings still look plausible, which is what makes drift dangerous - it quietly biases every observation until the sensor is recalibrated. The clearest indicator: Relative humidity has averaged 68.09 %RH over the last 20 samples, 14.0 sigma away from its calibrated baseline of 95.50 %RH. Relative humidity carries 43% of the statistical attribution, reading 84.50 %RH (5.5 sigma below its normal level). Note that the joint-distance attribution is led by Temperature instead, because SHAP scores the level of each channel while this fault is defined by rate of change. 3 of 3 independent detectors flagged this sample. Schedule a calibration check against a reference instrument."
2026-09-01T08:30:05,2026-09-01T08:30:05,0,1,SPIKE,humidity_pct,LOW,35.7,0.988,0.801,REJECT_SAMPLE,Log for trend analysis; no immediate field action.,No notification required,"At 01 Sep 2026, 08:30:05 the system diagnosed a sensor spike / noise burst affecting Relative humidity. A single sample jumped far beyond anything this channel does naturally and then returned. That is the signature of an electrical impulse or a loose connection, not a real change in the weather. The clearest indicator: Relative humidity jumped 20.90 %RH in one sampling interval - 104.5x the largest movement ever seen on this channel in healthy data. Relative humidity carries 52% of the statistical attribution, reading 104.90 %RH (4.7 sigma above its normal level). 3 of 3 independent detectors flagged this sample. Inspect cabling, connectors and grounding at the sensor head."
2026-09-01T08:31:45,2026-09-01T08:31:45,0,1,SPIKE,temperature_c,LOW,31.2,1.0,0.631,REJECT_SAMPLE,Log for trend analysis; no immediate field action.,No notification required,"At 01 Sep 2026, 08:31:45 the system diagnosed a sensor spike / noise burst affecting Temperature. A single sample jumped far beyond anything this channel does naturally and then returned. That is the signature of an electrical impulse or a loose connection, not a real change in the weather. The clearest indicator: Temperature jumped 14.35 degC in one sampling interval - 71.8x the largest movement ever seen on this channel in healthy data. Temperature carries 98% of the statistical attribution, reading 39.95 degC (47.8 sigma above its normal level). 3 of 3 independent detectors flagged this sample. The next most likely explanation was calibration drift (score 0.86 against 1.00), so this diagnosis is not clear-cut. Inspect cabling, connectors and grounding at the sensor head."
2026-09-01T08:33:55,2026-09-01T08:34:05,10,3,MULTIVARIATE_ANOMALY,pressure_hpa|temperature_c,MODERATE,45.1,0.76,0.803,HOLD_FOR_REVIEW,Schedule inspection within the next maintenance cycle.,No notification required,"At 01 Sep 2026, 08:34:05 the system diagnosed a single-channel outlier affecting Barometric pressure. The joint sensor reading is far outside the station's normal operating cloud, and the displacement is dominated by one channel rather than by the relationship between them. Treat this as a single-channel failure. The clearest indicator: The joint (temperature, pressure, humidity) reading sits 16.9 sigma from the station's healthy operating cloud. Barometric pressure carries 55% of the statistical attribution, reading 969.01 hPa (7.1 sigma below its normal level). 2 of 3 independent detectors flagged this sample. Verify channel wiring and the datalogger channel map."
2026-09-01T08:34:10,2026-09-01T08:34:35,25,6,DRIFT,pressure_hpa,HIGH,63.9,0.86,0.783,FLAG_SUSPECT,Investigate within 24 hours; flag affected data as suspect.,Station maintenance team; Calibration cell,"At 01 Sep 2026, 08:34:35 the system diagnosed a calibration drift affecting Barometric pressure. The channel is slowly and consistently moving away from its calibrated baseline. Readings still look plausible, which is what makes drift dangerous - it quietly biases every observation until the sensor is recalibrated. The clearest indicator: The movement is consistently downward (97% of the travel is net displacement, about -84.07 hPa/hour), which separates calibration drift from random fluctuation. Barometric pressure carries 64% of the statistical attribution, reading 968.19 hPa (9.8 sigma below its normal level). 2 of 3 independent detectors flagged this sample. Schedule a calibration check against a reference instrument."
2026-09-01T08:34:40,2026-09-01T08:34:40,0,1,SPIKE,pressure_hpa,LOW,25.8,1.0,0.933,REJECT_SAMPLE,Log for trend analysis; no immediate field action.,No notification required,"At 01 Sep 2026, 08:34:40 the system diagnosed a sensor spike / noise burst affecting Barometric pressure. A single sample jumped far beyond anything this channel does naturally and then returned. That is the signature of an electrical impulse or a loose connection, not a real change in the weather. The clearest indicator: Barometric pressure jumped 3.21 hPa in one sampling interval - 16.0x the largest movement ever seen on this channel in healthy data. Barometric pressure carries 0% of the statistical attribution, reading 971.40 hPa (1.0 sigma above its normal level). Note that the joint-distance attribution is led by Temperature instead, because SHAP scores the level of each channel while this fault is defined by rate of change. 3 of 3 independent detectors flagged this sample. Inspect cabling, connectors and grounding at the sensor head."
2026-09-01T08:35:05,2026-09-01T08:35:05,0,1,SPIKE,temperature_c,LOW,31.2,1.0,0.811,REJECT_SAMPLE,Log for trend analysis; no immediate field action.,No notification required,"At 01 Sep 2026, 08:35:05 the system diagnosed a sensor spike / noise burst affecting Temperature. A single sample jumped far beyond anything this channel does naturally and then returned. That is the signature of an electrical impulse or a loose connection, not a real change in the weather. The clearest indicator: Temperature jumped 18.03 degC in one sampling interval - 90.2x the largest movement ever seen on this channel in healthy data. Temperature carries 89% of the statistical attribution, reading 7.67 degC (46.6 sigma below its normal level). 3 of 3 independent detectors flagged this sample. Inspect cabling, connectors and grounding at the sensor head."
2026-09-01T08:35:40,2026-09-01T08:35:40,0,1,SPIKE,temperature_c,LOW,31.2,1.0,0.783,REJECT_SAMPLE,Log for trend analysis; no immediate field action.,No notification required,"At 01 Sep 2026, 08:35:40 the system diagnosed a sensor spike / noise burst affecting Temperature. A single sample jumped far beyond anything this channel does naturally and then returned. That is the signature of an electrical impulse or a loose connection, not a real change in the weather. The clearest indicator: Temperature jumped 8.74 degC in one sampling interval - 43.7x the largest movement ever seen on this channel in healthy data. Temperature carries 78% of the statistical attribution, reading 16.96 degC (19.4 sigma below its normal level). 3 of 3 independent detectors flagged this sample. Inspect cabling, connectors and grounding at the sensor head."
2026-09-01T08:36:20,2026-09-01T08:36:20,0,1,SPIKE,temperature_c,LOW,37.2,1.0,0.783,REJECT_SAMPLE,Log for trend analysis; no immediate field action.,No notification required,"At 01 Sep 2026, 08:36:20 the system diagnosed a sensor spike / noise burst affecting Temperature. A single sample jumped far beyond anything this channel does naturally and then returned. That is the signature of an electrical impulse or a loose connection, not a real change in the weather. The clearest indicator: Temperature jumped 11.71 degC in one sampling interval - 58.5x the largest movement ever seen on this channel in healthy data. Temperature carries 83% of the statistical attribution, reading 13.99 degC (28.1 sigma below its normal level). 3 of 3 independent detectors flagged this sample. Inspect cabling, connectors and grounding at the sensor head."
2026-09-01T08:36:25,2026-09-01T08:37:15,50,11,MULTIVARIATE_ANOMALY,temperature_c,HIGH,62.8,0.941,0.933,HOLD_FOR_REVIEW,Investigate within 24 hours; flag affected data as suspect.,Station maintenance team,"At 01 Sep 2026, 08:36:50 the system diagnosed a single-channel outlier affecting Temperature. The joint sensor reading is far outside the station's normal operating cloud, and the displacement is dominated by one channel rather than by the relationship between them. Treat this as a single-channel failure. The clearest indicator: The joint (temperature, pressure, humidity) reading sits 65.1 sigma from the station's healthy operating cloud. Temperature carries 84% of the statistical attribution, reading 13.99 degC (28.1 sigma below its normal level). 3 of 3 independent detectors flagged this sample. Verify channel wiring and the datalogger channel map."
2026-09-01T08:37:20,2026-09-01T08:37:25,5,2,DRIFT,temperature_c,HIGH,63.5,0.928,0.811,FLAG_SUSPECT,Investigate within 24 hours; flag affected data as suspect.,Station maintenance team; Calibration cell,"At 01 Sep 2026, 08:37:20 the system diagnosed a calibration drift affecting Temperature. The channel is slowly and consistently moving away from its calibrated baseline. Readings still look plausible, which is what makes drift dangerous - it quietly biases every observation until the sensor is recalibrated. The clearest indicator: Temperature has averaged 18.09 degC over the last 20 samples, 16.4 sigma away from its calibrated baseline of 23.60 degC. Temperature carries 85% of the statistical attribution, reading 13.99 degC (28.1 sigma below its normal level). 3 of 3 independent detectors flagged this sample. Schedule a calibration check against a reference instrument."
2026-09-01T08:37:30,2026-09-01T08:38:30,60,5,SPIKE,humidity_pct|pressure_hpa|temperature_c,LOW,38.2,1.0,0.933,REJECT_SAMPLE,Log for trend analysis; no immediate field action.,No notification required,"At 01 Sep 2026, 08:38:30 the system diagnosed a sensor spike / noise burst affecting Barometric pressure. A single sample jumped far beyond anything this channel does naturally and then returned. That is the signature of an electrical impulse or a loose connection, not a real change in the weather. The clearest indicator: Barometric pressure jumped 4.16 hPa in one sampling interval - 20.8x the largest movement ever seen on this channel in healthy data. Barometric pressure carries 79% of the statistical attribution, reading 975.56 hPa (15.1 sigma above its normal level). 3 of 3 independent detectors flagged this sample. Inspect cabling, connectors and grounding at the sensor head."
2026-09-01T08:39:35,2026-09-01T08:41:25,110,23,DRIFT,temperature_c,HIGH,73.5,0.959,0.933,FLAG_SUSPECT,Investigate within 24 hours; flag affected data as suspect.,Station maintenance team; Calibration cell,"At 01 Sep 2026, 08:40:55 the system diagnosed a calibration drift affecting Temperature. The channel is slowly and consistently moving away from its calibrated baseline. Readings still look plausible, which is what makes drift dangerous - it quietly biases every observation until the sensor is recalibrated. The clearest indicator: Temperature has averaged 28.27 degC over the last 20 samples, 13.9 sigma away from its calibrated baseline of 23.60 degC. Temperature carries 95% of the statistical attribution, reading 30.76 degC (20.9 sigma above its normal level). 3 of 3 independent detectors flagged this sample. Schedule a calibration check against a reference instrument."
2026-09-01T08:41:30,2026-09-01T08:41:30,0,1,SPIKE,temperature_c,LOW,31.2,0.991,0.933,REJECT_SAMPLE,Log for trend analysis; no immediate field action.,No notification required,"At 01 Sep 2026, 08:41:30 the system diagnosed a sensor spike / noise burst affecting Temperature. A single sample jumped far beyond anything this channel does naturally and then returned. That is the signature of an electrical impulse or a loose connection, not a real change in the weather. The clearest indicator: Temperature jumped 6.79 degC in one sampling interval - 34.0x the largest movement ever seen on this channel in healthy data. Temperature carries 54% of the statistical attribution, reading 25.60 degC (5.8 sigma above its normal level). 2 of 3 independent detectors flagged this sample. Inspect cabling, connectors and grounding at the sensor head."
2026-09-01T08:42:20,2026-09-01T08:42:55,35,8,DRIFT,temperature_c,HIGH,73.3,0.915,0.962,FLAG_SUSPECT,Investigate within 24 hours; flag affected data as suspect.,Station maintenance team; Calibration cell,"At 01 Sep 2026, 08:42:20 the system diagnosed a calibration drift affecting Temperature. The channel is slowly and consistently moving away from its calibrated baseline. Readings still look plausible, which is what makes drift dangerous - it quietly biases every observation until the sensor is recalibrated. The clearest indicator: Temperature has averaged 28.19 degC over the last 20 samples, 13.6 sigma away from its calibrated baseline of 23.60 degC. Temperature carries 69% of the statistical attribution, reading 25.70 degC (6.1 sigma above its normal level). 2 of 3 independent detectors flagged this sample. Schedule a calibration check against a reference instrument."
2026-09-01T08:43:15,2026-09-01T08:43:15,0,1,SPIKE,humidity_pct,LOW,29.7,1.0,0.66,REJECT_SAMPLE,Log for trend analysis; no immediate field action.,No notification required,"At 01 Sep 2026, 08:43:15 the system diagnosed a sensor spike / noise burst affecting Relative humidity. A single sample jumped far beyond anything this channel does naturally and then returned. That is the signature of an electrical impulse or a loose connection, not a real change in the weather. The clearest indicator: Relative humidity jumped 19.31 %RH in one sampling interval - 96.6x the largest movement ever seen on this channel in healthy data. Relative humidity carries 96% of the statistical attribution, reading 64.29 %RH (15.7 sigma below its normal level). 3 of 3 independent detectors flagged this sample. The next most likely explanation was calibration drift (score 0.78 against 1.00), so this diagnosis is not clear-cut. Inspect cabling, connectors and grounding at the sensor head."
2026-09-01T08:43:55,2026-09-01T08:43:55,0,1,SPIKE,humidity_pct,LOW,29.7,0.922,0.802,REJECT_SAMPLE,Log for trend analysis; no immediate field action.,No notification required,"At 01 Sep 2026, 08:43:55 the system diagnosed a sensor spike / noise burst affecting Relative humidity. A single sample jumped far beyond anything this channel does naturally and then returned. That is the signature of an electrical impulse or a loose connection, not a real change in the weather. The clearest indicator: Relative humidity jumped 19.35 %RH in one sampling interval - 96.8x the largest movement ever seen on this channel in healthy data. Relative humidity carries 48% of the statistical attribution, reading 103.55 %RH (4.1 sigma above its normal level). 2 of 3 independent detectors flagged this sample. Inspect cabling, connectors and grounding at the sensor head."
2026-09-01T08:44:50,2026-09-01T08:44:50,0,1,COMMUNICATION_FAILURE,,MODERATE,54.6,0.924,0.867,MARK_MISSING,Schedule inspection within the next maintenance cycle.,Network operations,"At 01 Sep 2026, 08:44:50 the system diagnosed a communication / telemetry failure at this station. The problem is in the telemetry path rather than the sensors. Samples are missing, malformed, or repeated, so the record for this period is incomplete. The clearest indicator: Data gap of 35 s against a nominal 5 s interval - approximately 6 sample(s) never reached the server. 3 of 3 independent detectors flagged this sample. Check the datalogger, modem and power supply at the station."
2026-09-01T08:44:55,2026-09-01T08:45:10,15,2,SPIKE,pressure_hpa|temperature_c,LOW,39.0,1.0,0.847,REJECT_SAMPLE,Log for trend analysis; no immediate field action.,No notification required,"At 01 Sep 2026, 08:45:10 the system diagnosed a sensor spike / noise burst affecting Barometric pressure. A single sample jumped far beyond anything this channel does naturally and then returned. That is the signature of an electrical impulse or a loose connection, not a real change in the weather. The clearest indicator: Barometric pressure jumped 6.06 hPa in one sampling interval - 30.3x the largest movement ever seen on this channel in healthy data. Barometric pressure carries 86% of the statistical attribution, reading 977.46 hPa (21.4 sigma above its normal level). 3 of 3 independent detectors flagged this sample. Inspect cabling, connectors and grounding at the sensor head."
2026-09-01T08:45:35,2026-09-01T08:45:55,20,2,SPIKE,pressure_hpa|temperature_c,MODERATE,41.2,1.0,0.847,REJECT_SAMPLE,Schedule inspection within the next maintenance cycle.,No notification required,"At 01 Sep 2026, 08:45:55 the system diagnosed a sensor spike / noise burst affecting Temperature. A single sample jumped far beyond anything this channel does naturally and then returned. That is the signature of an electrical impulse or a loose connection, not a real change in the weather. The clearest indicator: Temperature jumped 9.73 degC in one sampling interval - 48.6x the largest movement ever seen on this channel in healthy data. Temperature carries 79% of the statistical attribution, reading 15.87 degC (22.6 sigma below its normal level). 3 of 3 independent detectors flagged this sample. Inspect cabling, connectors and grounding at the sensor head."
2026-09-01T08:46:00,2026-09-01T08:46:00,0,1,DRIFT,humidity_pct,MODERATE,47.3,0.964,0.832,FLAG_SUSPECT,Schedule inspection within the next maintenance cycle.,Calibration cell,"At 01 Sep 2026, 08:46:00 the system diagnosed a calibration drift affecting Relative humidity. The channel is slowly and consistently moving away from its calibrated baseline. Readings still look plausible, which is what makes drift dangerous - it quietly biases every observation until the sensor is recalibrated. The clearest indicator: Relative humidity has averaged 84.21 %RH over the last 20 samples, 5.8 sigma away from its calibrated baseline of 95.50 %RH. Relative humidity carries 62% of the statistical attribution, reading 83.10 %RH (6.2 sigma below its normal level). 3 of 3 independent detectors flagged this sample. Schedule a calibration check against a reference instrument."
2026-09-01T08:46:20,2026-09-01T08:46:20,0,1,SPIKE,temperature_c,MODERATE,41.2,1.0,0.847,REJECT_SAMPLE,Schedule inspection within the next maintenance cycle.,No notification required,"At 01 Sep 2026, 08:46:20 the system diagnosed a sensor spike / noise burst affecting Temperature. A single sample jumped far beyond anything this channel does naturally and then returned. That is the signature of an electrical impulse or a loose connection, not a real change in the weather. The clearest indicator: Temperature jumped 10.07 degC in one sampling interval - 50.4x the largest movement ever seen on this channel in healthy data. Temperature carries 81% of the statistical attribution, reading 15.53 degC (23.6 sigma below its normal level). 3 of 3 independent detectors flagged this sample. Inspect cabling, connectors and grounding at the sensor head."
2026-09-01T08:47:35,2026-09-01T08:47:35,0,1,SPIKE,temperature_c,LOW,39.2,1.0,0.811,REJECT_SAMPLE,Log for trend analysis; no immediate field action.,No notification required,"At 01 Sep 2026, 08:47:35 the system diagnosed a sensor spike / noise burst affecting Temperature. A single sample jumped far beyond anything this channel does naturally and then returned. That is the signature of an electrical impulse or a loose connection, not a real change in the weather. The clearest indicator: Temperature jumped 10.61 degC in one sampling interval - 53.1x the largest movement ever seen on this channel in healthy data. Temperature carries 82% of the statistical attribution, reading 14.89 degC (25.5 sigma below its normal level). 3 of 3 independent detectors flagged this sample. Inspect cabling, connectors and grounding at the sensor head."
2026-09-01T08:49:10,2026-09-01T08:51:05,115,23,DRIFT,humidity_pct|temperature_c,HIGH,68.3,0.975,1.0,FLAG_SUSPECT,Investigate within 24 hours; flag affected data as suspect.,Station maintenance team; Calibration cell,"At 01 Sep 2026, 08:51:05 the system diagnosed a calibration drift affecting Relative humidity. The channel is slowly and consistently moving away from its calibrated baseline. Readings still look plausible, which is what makes drift dangerous - it quietly biases every observation until the sensor is recalibrated. The clearest indicator: Relative humidity has averaged 71.40 %RH over the last 20 samples, 12.3 sigma away from its calibrated baseline of 95.50 %RH. Relative humidity carries 97% of the statistical attribution, reading 65.59 %RH (15.1 sigma below its normal level). 2 of 3 independent detectors flagged this sample. Schedule a calibration check against a reference instrument."
2026-09-01T08:51:10,2026-09-01T08:51:10,0,1,SPIKE,humidity_pct,LOW,29.7,0.973,0.933,REJECT_SAMPLE,Log for trend analysis; no immediate field action.,No notification required,"At 01 Sep 2026, 08:51:10 the system diagnosed a sensor spike / noise burst affecting Relative humidity. A single sample jumped far beyond anything this channel does naturally and then returned. That is the signature of an electrical impulse or a loose connection, not a real change in the weather. The clearest indicator: Relative humidity jumped 19.71 %RH in one sampling interval - 98.6x the largest movement ever seen on this channel in healthy data. Relative humidity carries 46% of the statistical attribution, reading 85.30 %RH (5.1 sigma below its normal level). Note that the joint-distance attribution is led by Temperature instead, because SHAP scores the level of each channel while this fault is defined by rate of change. 2 of 3 independent detectors flagged this sample. Inspect cabling, connectors and grounding at the sensor head."
2026-09-01T08:51:55,2026-09-01T08:52:35,40,9,DRIFT,humidity_pct,HIGH,64.0,0.884,0.975,FLAG_SUSPECT,Investigate within 24 hours; flag affected data as suspect.,Station maintenance team; Calibration cell,"At 01 Sep 2026, 08:51:55 the system diagnosed a calibration drift affecting Relative humidity. The channel is slowly and consistently moving away from its calibrated baseline. Readings still look plausible, which is what makes drift dangerous - it quietly biases every observation until the sensor is recalibrated. The clearest indicator: Relative humidity has averaged 76.41 %RH over the last 20 samples, 9.8 sigma away from its calibrated baseline of 95.50 %RH. Relative humidity carries 61% of the statistical attribution, reading 84.40 %RH (5.6 sigma below its normal level). 2 of 3 independent detectors flagged this sample. Schedule a calibration check against a reference instrument."
2026-09-01T08:53:15,2026-09-01T08:53:55,40,9,FROZEN_SENSOR,humidity_pct,MODERATE,49.7,0.9,0.933,REJECT_CHANNEL,Schedule inspection within the next maintenance cycle.,No notification required,"At 01 Sep 2026, 08:53:55 the system diagnosed a frozen (stuck) sensor affecting Relative humidity. The channel has stopped responding and is repeating one value while the other channels continue to vary. This usually means an iced-over, blocked or electrically dead sensing element. The clearest indicator: Relative humidity has reported exactly 84.00 %RH for 21 consecutive samples (2 min). Only 0.1% of healthy runs on this channel last that long. Relative humidity carries 59% of the statistical attribution, reading 84.00 %RH (5.8 sigma below its normal level). 3 of 3 independent detectors flagged this sample. Physically inspect the sensing element for icing, blockage or failure."
2026-09-01T08:54:55,2026-09-01T08:55:05,10,2,SPIKE,pressure_hpa,LOW,21.0,0.886,0.785,REJECT_SAMPLE,Log for trend analysis; no immediate field action.,No notification required,"At 01 Sep 2026, 08:55:05 the system diagnosed a sensor spike / noise burst affecting Barometric pressure. A single sample jumped far beyond anything this channel does naturally and then returned. That is the signature of an electrical impulse or a loose connection, not a real change in the weather. The clearest indicator: Barometric pressure jumped 1.31 hPa in one sampling interval - 6.6x the largest movement ever seen on this channel in healthy data. Barometric pressure carries 30% of the statistical attribution, reading 971.90 hPa (2.7 sigma above its normal level). Note that the joint-distance attribution is led by Temperature instead, because SHAP scores the level of each channel while this fault is defined by rate of change. 2 of 3 independent detectors flagged this sample. Inspect cabling, connectors and grounding at the sensor head."
2026-09-01T08:56:25,2026-09-01T08:56:25,0,1,SPIKE,pressure_hpa,LOW,34.2,1.0,0.811,REJECT_SAMPLE,Log for trend analysis; no immediate field action.,No notification required,"At 01 Sep 2026, 08:56:25 the system diagnosed a sensor spike / noise burst affecting Barometric pressure. A single sample jumped far beyond anything this channel does naturally and then returned. That is the signature of an electrical impulse or a loose connection, not a real change in the weather. The clearest indicator: Barometric pressure jumped 6.73 hPa in one sampling interval - 33.7x the largest movement ever seen on this channel in healthy data. Barometric pressure carries 80% of the statistical attribution, reading 964.77 hPa (21.3 sigma below its normal level). 3 of 3 independent detectors flagged this sample. Inspect cabling, connectors and grounding at the sensor head."
2026-09-01T08:58:50,2026-09-01T08:59:20,30,3,SPIKE,humidity_pct|pressure_hpa,LOW,34.2,1.0,0.847,REJECT_SAMPLE,Log for trend analysis; no immediate field action.,No notification required,"At 01 Sep 2026, 08:58:50 the system diagnosed a sensor spike / noise burst affecting Barometric pressure. A single sample jumped far beyond anything this channel does naturally and then returned. That is the signature of an electrical impulse or a loose connection, not a real change in the weather. The clearest indicator: Barometric pressure jumped 7.46 hPa in one sampling interval - 37.3x the largest movement ever seen on this channel in healthy data. Barometric pressure carries 85% of the statistical attribution, reading 963.94 hPa (24.1 sigma below its normal level). 3 of 3 independent detectors flagged this sample. Inspect cabling, connectors and grounding at the sensor head."
2026-09-01T09:00:05,2026-09-01T09:00:40,35,3,SPIKE,pressure_hpa|temperature_c,MODERATE,41.2,1.0,0.847,REJECT_SAMPLE,Schedule inspection within the next maintenance cycle.,No notification required,"At 01 Sep 2026, 09:00:40 the system diagnosed a sensor spike / noise burst affecting Temperature. A single sample jumped far beyond anything this channel does naturally and then returned. That is the signature of an electrical impulse or a loose connection, not a real change in the weather. The clearest indicator: Temperature jumped 19.08 degC in one sampling interval - 95.4x the largest movement ever seen on this channel in healthy data. Temperature carries 98% of the statistical attribution, reading 44.48 degC (61.0 sigma above its normal level). 3 of 3 independent detectors flagged this sample. Inspect cabling, connectors and grounding at the sensor head."
2026-09-01T09:02:15,2026-09-01T09:02:15,0,1,SPIKE,humidity_pct,LOW,35.7,1.0,0.667,REJECT_SAMPLE,Log for trend analysis; no immediate field action.,No notification required,"At 01 Sep 2026, 09:02:15 the system diagnosed a sensor spike / noise burst affecting Relative humidity. A single sample jumped far beyond anything this channel does naturally and then returned. That is the signature of an electrical impulse or a loose connection, not a real change in the weather. The clearest indicator: Relative humidity jumped 20.60 %RH in one sampling interval - 103.0x the largest movement ever seen on this channel in healthy data. Relative humidity carries 57% of the statistical attribution, reading 106.00 %RH (5.3 sigma above its normal level). 3 of 3 independent detectors flagged this sample. The next most likely explanation was calibration drift (score 0.76 against 1.00), so this diagnosis is not clear-cut. Inspect cabling, connectors and grounding at the sensor head."
2026-09-01T09:02:40,2026-09-01T09:02:40,0,1,SPIKE,temperature_c,LOW,37.2,1.0,0.783,REJECT_SAMPLE,Log for trend analysis; no immediate field action.,No notification required,"At 01 Sep 2026, 09:02:40 the system diagnosed a sensor spike / noise burst affecting Temperature. A single sample jumped far beyond anything this channel does naturally and then returned. That is the signature of an electrical impulse or a loose connection, not a real change in the weather. The clearest indicator: Temperature jumped 10.09 degC in one sampling interval - 50.4x the largest movement ever seen on this channel in healthy data. Temperature carries 83% of the statistical attribution, reading 15.31 degC (24.2 sigma below its normal level). 3 of 3 independent detectors flagged this sample. Inspect cabling, connectors and grounding at the sensor head."
2026-09-01T09:03:35,2026-09-01T09:03:35,0,1,SPIKE,pressure_hpa,LOW,34.2,1.0,0.811,REJECT_SAMPLE,Log for trend analysis; no immediate field action.,No notification required,"At 01 Sep 2026, 09:03:35 the system diagnosed a sensor spike / noise burst affecting Barometric pressure. A single sample jumped far beyond anything this channel does naturally and then returned. That is the signature of an electrical impulse or a loose connection, not a real change in the weather. The clearest indicator: Barometric pressure jumped 7.22 hPa in one sampling interval - 36.1x the largest movement ever seen on this channel in healthy data. Barometric pressure carries 82% of the statistical attribution, reading 964.28 hPa (23.0 sigma below its normal level). 3 of 3 independent detectors flagged this sample. Inspect cabling, connectors and grounding at the sensor head."
2026-09-01T09:03:50,2026-09-01T09:03:50,0,1,DRIFT,humidity_pct,MODERATE,46.4,0.701,0.82,FLAG_SUSPECT,Schedule inspection within the next maintenance cycle.,Calibration cell,"At 01 Sep 2026, 09:03:50 the system diagnosed a calibration drift affecting Relative humidity. The channel is slowly and consistently moving away from its calibrated baseline. Readings still look plausible, which is what makes drift dangerous - it quietly biases every observation until the sensor is recalibrated. The clearest indicator: Relative humidity has averaged 85.30 %RH over the last 20 samples, 5.2 sigma away from its calibrated baseline of 95.50 %RH. Relative humidity carries 67% of the statistical attribution, reading 83.80 %RH (5.9 sigma below its normal level). 2 of 3 independent detectors flagged this sample. Schedule a calibration check against a reference instrument."
2026-09-01T09:04:35,2026-09-01T09:04:35,0,1,SPIKE,humidity_pct,LOW,35.7,1.0,0.65,REJECT_SAMPLE,Log for trend analysis; no immediate field action.,No notification required,"At 01 Sep 2026, 09:04:35 the system diagnosed a sensor spike / noise burst affecting Relative humidity. A single sample jumped far beyond anything this channel does naturally and then returned. That is the signature of an electrical impulse or a loose connection, not a real change in the weather. The clearest indicator: Relative humidity jumped 17.16 %RH in one sampling interval - 85.8x the largest movement ever seen on this channel in healthy data. Relative humidity carries 96% of the statistical attribution, reading 66.74 %RH (14.5 sigma below its normal level). 3 of 3 independent detectors flagged this sample. The next most likely explanation was calibration drift (score 0.81 against 1.00), so this diagnosis is not clear-cut. Inspect cabling, connectors and grounding at the sensor head."
2026-09-01T09:06:05,2026-09-01T09:06:05,0,1,SPIKE,pressure_hpa,LOW,34.2,1.0,0.811,REJECT_SAMPLE,Log for trend analysis; no immediate field action.,No notification required,"At 01 Sep 2026, 09:06:05 the system diagnosed a sensor spike / noise burst affecting Barometric pressure. A single sample jumped far beyond anything this channel does naturally and then returned. That is the signature of an electrical impulse or a loose connection, not a real change in the weather. The clearest indicator: Barometric pressure jumped 7.83 hPa in one sampling interval - 39.2x the largest movement ever seen on this channel in healthy data. Barometric pressure carries 85% of the statistical attribution, reading 963.67 hPa (25.1 sigma below its normal level). 3 of 3 independent detectors flagged this sample. Inspect cabling, connectors and grounding at the sensor head."
2026-09-01T09:06:10,2026-09-01T09:06:10,0,1,DRIFT,humidity_pct,MODERATE,47.5,0.862,0.845,FLAG_SUSPECT,Schedule inspection within the next maintenance cycle.,Calibration cell,"At 01 Sep 2026, 09:06:10 the system diagnosed a calibration drift affecting Relative humidity. The channel is slowly and consistently moving away from its calibrated baseline. Readings still look plausible, which is what makes drift dangerous - it quietly biases every observation until the sensor is recalibrated. The clearest indicator: Relative humidity has averaged 83.90 %RH over the last 20 samples, 5.9 sigma away from its calibrated baseline of 95.50 %RH. Relative humidity carries 66% of the statistical attribution, reading 85.10 %RH (5.2 sigma below its normal level). 2 of 3 independent detectors flagged this sample. Schedule a calibration check against a reference instrument."
2026-09-01T09:06:20,2026-09-01T09:06:20,0,1,SPIKE,pressure_hpa,LOW,28.5,1.0,0.787,REJECT_SAMPLE,Log for trend analysis; no immediate field action.,No notification required,"At 01 Sep 2026, 09:06:20 the system diagnosed a sensor spike / noise burst affecting Barometric pressure. A single sample jumped far beyond anything this channel does naturally and then returned. That is the signature of an electrical impulse or a loose connection, not a real change in the weather. The clearest indicator: Barometric pressure jumped 4.28 hPa in one sampling interval - 21.4x the largest movement ever seen on this channel in healthy data. Barometric pressure carries 88% of the statistical attribution, reading 975.78 hPa (15.8 sigma above its normal level). 3 of 3 independent detectors flagged this sample. Inspect cabling, connectors and grounding at the sensor head."
2026-09-01T09:06:50,2026-09-01T09:09:15,145,30,DRIFT,temperature_c,HIGH,73.5,0.956,0.984,FLAG_SUSPECT,Investigate within 24 hours; flag affected data as suspect.,Station maintenance team; Calibration cell,"At 01 Sep 2026, 09:08:25 the system diagnosed a calibration drift affecting Temperature. The channel is slowly and consistently moving away from its calibrated baseline. Readings still look plausible, which is what makes drift dangerous - it quietly biases every observation until the sensor is recalibrated. The clearest indicator: Temperature has averaged 28.27 degC over the last 20 samples, 13.9 sigma away from its calibrated baseline of 23.60 degC. Temperature carries 91% of the statistical attribution, reading 30.63 degC (20.6 sigma above its normal level). 3 of 3 independent detectors flagged this sample. Schedule a calibration check against a reference instrument."
2026-09-01T09:09:20,2026-09-01T09:09:20,0,1,SPIKE,temperature_c,LOW,31.2,1.0,0.933,REJECT_SAMPLE,Log for trend analysis; no immediate field action.,No notification required,"At 01 Sep 2026, 09:09:20 the system diagnosed a sensor spike / noise burst affecting Temperature. A single sample jumped far beyond anything this channel does naturally and then returned. That is the signature of an electrical impulse or a loose connection, not a real change in the weather. The clearest indicator: Temperature jumped 7.47 degC in one sampling interval - 37.3x the largest movement ever seen on this channel in healthy data. Temperature carries 55% of the statistical attribution, reading 25.50 degC (5.6 sigma above its normal level). 3 of 3 independent detectors flagged this sample. Inspect cabling, connectors and grounding at the sensor head."
2026-09-01T09:10:00,2026-09-01T09:10:05,5,2,DRIFT,temperature_c,HIGH,73.5,0.857,0.964,FLAG_SUSPECT,Investigate within 24 hours; flag affected data as suspect.,Station maintenance team; Calibration cell,"At 01 Sep 2026, 09:10:00 the system diagnosed a calibration drift affecting Temperature. The channel is slowly and consistently moving away from its calibrated baseline. Readings still look plausible, which is what makes drift dangerous - it quietly biases every observation until the sensor is recalibrated. The clearest indicator: Temperature has averaged 29.00 degC over the last 20 samples, 16.1 sigma away from its calibrated baseline of 23.60 degC. Temperature carries 59% of the statistical attribution, reading 25.60 degC (5.8 sigma above its normal level). 3 of 3 independent detectors flagged this sample. Schedule a calibration check against a reference instrument."
2026-09-01T09:10:10,2026-09-01T09:10:10,0,1,SPIKE,pressure_hpa,LOW,31.3,1.0,0.611,REJECT_SAMPLE,Log for trend analysis; no immediate field action.,No notification required,"At 01 Sep 2026, 09:10:10 the system diagnosed a sensor spike / noise burst affecting Barometric pressure. A single sample jumped far beyond anything this channel does naturally and then returned. That is the signature of an electrical impulse or a loose connection, not a real change in the weather. The clearest indicator: Barometric pressure jumped 5.39 hPa in one sampling interval - 26.9x the largest movement ever seen on this channel in healthy data. Barometric pressure carries 85% of the statistical attribution, reading 976.99 hPa (19.9 sigma above its normal level). 3 of 3 independent detectors flagged this sample. The next most likely explanation was calibration drift (score 0.92 against 1.00), so this diagnosis is not clear-cut. Inspect cabling, connectors and grounding at the sensor head."
2026-09-01T09:10:15,2026-09-01T09:10:45,30,7,DRIFT,pressure_hpa|temperature_c,CRITICAL,87.0,0.972,0.877,FLAG_SUSPECT,Respond immediately; suspend publication of this station's data.,Station maintenance team; Duty forecaster - station data may be unusable; Calibration cell,"At 01 Sep 2026, 09:10:15 the system diagnosed a calibration drift affecting Barometric pressure, Temperature. The channel is slowly and consistently moving away from its calibrated baseline. Readings still look plausible, which is what makes drift dangerous - it quietly biases every observation until the sensor is recalibrated. The clearest indicator: Temperature has averaged 28.22 degC over the last 20 samples, 13.7 sigma away from its calibrated baseline of 23.60 degC. Barometric pressure carries 85% of the statistical attribution, reading 976.99 hPa (19.9 sigma above its normal level). 3 of 3 independent detectors flagged this sample. Schedule a calibration check against a reference instrument."
2026-09-01T09:10:50,2026-09-01T09:10:50,0,1,SPIKE,pressure_hpa,LOW,31.3,1.0,0.933,REJECT_SAMPLE,Log for trend analysis; no immediate field action.,No notification required,"At 01 Sep 2026, 09:10:50 the system diagnosed a sensor spike / noise burst affecting Barometric pressure. A single sample jumped far beyond anything this channel does naturally and then returned. That is the signature of an electrical impulse or a loose connection, not a real change in the weather. The clearest indicator: Barometric pressure jumped 5.39 hPa in one sampling interval - 26.9x the largest movement ever seen on this channel in healthy data. Barometric pressure carries 11% of the statistical attribution, reading 971.60 hPa (1.7 sigma above its normal level). Note that the joint-distance attribution is led by Temperature instead, because SHAP scores the level of each channel while this fault is defined by rate of change. 3 of 3 independent detectors flagged this sample. Inspect cabling, connectors and grounding at the sensor head."
2026-09-01T09:11:00,2026-09-01T09:11:00,0,1,DRIFT,temperature_c,HIGH,62.1,1.0,0.536,FLAG_SUSPECT,Investigate within 24 hours; flag affected data as suspect.,Station maintenance team; Calibration cell,"At 01 Sep 2026, 09:11:00 the system diagnosed a calibration drift affecting Temperature. The channel is slowly and consistently moving away from its calibrated baseline. Readings still look plausible, which is what makes drift dangerous - it quietly biases every observation until the sensor is recalibrated. The clearest indicator: Temperature has averaged 26.05 degC over the last 20 samples, 7.3 sigma away from its calibrated baseline of 23.60 degC. Temperature carries 97% of the statistical attribution, reading 41.20 degC (51.4 sigma above its normal level). 3 of 3 independent detectors flagged this sample. The next most likely explanation was sensor spike / noise burst (score 0.84 against 0.87), so this diagnosis is not clear-cut. Schedule a calibration check against a reference instrument."
2026-09-01T09:11:30,2026-09-01T09:11:30,0,1,SPIKE,pressure_hpa,MODERATE,40.2,1.0,0.815,REJECT_SAMPLE,Schedule inspection within the next maintenance cycle.,No notification required,"At 01 Sep 2026, 09:11:30 the system diagnosed a sensor spike / noise burst affecting Barometric pressure. A single sample jumped far beyond anything this channel does naturally and then returned. That is the signature of an electrical impulse or a loose connection, not a real change in the weather. The clearest indicator: Barometric pressure jumped 7.37 hPa in one sampling interval - 36.9x the largest movement ever seen on this channel in healthy data. Barometric pressure carries 80% of the statistical attribution, reading 964.23 hPa (23.2 sigma below its normal level). 3 of 3 independent detectors flagged this sample. Inspect cabling, connectors and grounding at the sensor head."
